3000,MELBOURNE,-37.814563,144.970267
3001,MELBOURNE,-38.365017,144.76592
3002,EAST MELBOURNE,-37.81664,144.987811
3003,WEST MELBOURNE,-37.806255,144.941123
3004,MELBOURNE,-37.837324,144.976335
3005,WORLD TRADE CENTRE,-37.822262,144.954856
3006,SOUTHBANK,-37.823258,144.965926
3008,DOCKLANDS,-37.814719,144.948039
3010,UNIVERSITY OF MELBOURNE,-37.796152,144.961351
3011,SEDDON WEST,-37.795059,144.866197
3012,WEST FOOTSCRAY,-37.797701,144.879924
3013,YARRAVILLE WEST,-37.818019,144.883582
3015,SPOTSWOOD,-37.82967,144.885078
3016,WILLIAMSTOWN NORTH,-37.857681,144.887041
3018,SEAHOLME,-37.867992,144.843609
3019,ROBINSON,-37.834094,145.040941
3020,SUNSHINE WEST,-37.79983,144.81845
3021,ST ALBANS,-37.745063,144.799626
3022,DEER PARK EAST,-37.740815,144.797867
3023,RAVENHALL,-37.766501,144.738709
3024,WYNDHAM VALE,-37.891641,144.629467
3025,ALTONA NORTH,-37.842879,144.850049
3026,LAVERTON NORTH,-37.841653,144.795959
3027,LAVERTON RAAF,-37.859941,144.760517
3028,SEABROOK,-37.877626,144.75777
3029,TRUGANINA,-37.825004,144.748931
3030,WERRIBEE SOUTH,-37.903337,144.657731
3031,KENSINGTON,-37.794333,144.929217
3032,TRAVANCORE,-37.777773,144.929915
3033,KEILOR EAST,-37.736264,144.796336
3034,AVONDALE HEIGHTS,-37.742284,144.81515
3036,KEILOR NORTH,-37.704771,144.814229
3037,TAYLORS HILL,-37.710381,144.766791
3038,WATERGARDENS,-37.698952,144.777576
3039,MOONEE PONDS,-37.765707,144.919163
3040,ESSENDON WEST,-37.753802,144.888271
3041,STRATHMORE HEIGHTS,-37.716678,144.897568
3042,NIDDRIE,-37.736031,144.889072
3043,TULLAMARINE,-37.68656,144.882698
3044,PASCOE VALE SOUTH,-37.739198,144.945722
3045,MELBOURNE AIRPORT,-37.668873,144.833931
3046,OAK PARK,-37.71817,144.919959
3047,JACANA,-37.690301,144.915729
3048,MEADOW HEIGHTS,-37.64986,144.922104
3049,WESTMEADOWS,-37.673551,144.90086
3050,ROYAL MELBOURNE HOSPITAL,-37.798631,144.955627
3051,NORTH MELBOURNE,-37.905996,145.056254
3052,PARKVILLE,-37.788531,144.947731
3053,CARLTON SOUTH,-37.778987,145.0026
3054,PRINCES HILL,-37.780995,144.962792
3055,MORELAND WEST,-37.713902,144.937112
3056,BRUNSWICK NORTH,-37.760071,144.972291
3057,BRUNSWICK EAST,-37.76491,144.979567
3058,MORELAND,-37.748315,144.961827
3059,GREENVALE,-37.642984,144.88872
3060,FAWKNER NORTH,-37.705055,144.944577
3061,CAMPBELLFIELD,-37.643746,144.951369
3062,SOMERTON,-37.642563,144.944259
3063,YUROKE,-37.589589,144.879406
3064,ROXBURGH PARK,-37.636795,144.932604
3065,FITZROY,-37.800917,144.979165
3066,COLLINGWOOD NORTH,-37.789805,144.990796
3067,ABBOTSFORD,-37.801781,144.998752
3068,FITZROY NORTH,-37.7834,144.984688
3070,NORTHCOTE SOUTH,-37.779039,145.006746
3071,THORNBURY,-37.75504,144.998589
3072,PRESTON WEST,-37.736855,145.003005
3073,RESERVOIR SOUTH,-37.714796,144.944655
3074,THOMASTOWN,-37.680338,145.014287
3075,LALOR PLAZA,-37.673141,145.016634
3076,EPPING,-37.638363,145.009493
3078,FAIRFIELD,-37.776946,145.018479
3079,IVANHOE NORTH,-37.723105,145.018195
3081,HEIDELBERG WEST,-37.74944,145.0414
3082,MILL PARK,-37.667957,145.060693
3083,LA TROBE UNIVERSITY,-37.721328,145.047012
3084,VIEWBANK,-37.739262,145.096424
3085,YALLAMBIE,-37.727482,145.102309
3086,LA TROBE UNIVERSITY,-37.721328,145.047012
3087,WATSONIA NORTH,-37.698352,145.084586
3088,SAINT HELENA,-37.690585,145.130847
3089,DIAMOND CREEK,-37.642629,145.217595
3090,PLENTY,-37.671565,145.124024
3091,YARRAMBAT,-37.639769,145.132663
3093,LOWER PLENTY,-37.730758,145.088118
3094,MONTMORENCY,-37.715294,145.121583
3095,RESEARCH,-37.703602,145.180636
3096,WATTLE GLEN,-37.670101,145.190928
3097,WATSONS CREEK,-37.67058,145.256526
3099,STRATHEWEN,-37.53633,145.273454
3101,KEW,-37.797982,145.053727
3102,KEW EAST,-37.796246,145.049017
3103,BALWYN EAST,-37.807312,145.096698
3104,GREYTHORN,-37.796947,145.098434
3105,BULLEEN,-37.768554,145.079543
3106,TEMPLESTOWE,-37.768882,145.117873
3107,TEMPLESTOWE LOWER,-37.7563,145.102997
3108,DONCASTER,-37.783031,145.122517
3109,THE PINES,-37.757762,145.169626
3111,DONVALE,-38.183899,144.468019
3113,WARRANDYTE,-37.736915,145.22314
3114,PARK ORCHARDS,-37.778442,145.214586
3115,WONGA PARK,-37.738666,145.270483
3116,CHIRNSIDE PARK,-37.750325,145.326463
3121,RICHMOND SOUTH,-37.814951,144.991415
3122,HAWTHORN WEST,-37.819687,145.017455
3123,HAWTHORN EAST,-37.782254,145.001811
3124,MIDDLE CAMBERWELL,-37.844,145.056955
3125,SURREY HILLS SOUTH,-37.835047,145.096407
3126,CANTERBURY,-37.824249,145.073114
3127,SURREY HILLS NORTH,-37.834288,145.096516
3128,WATTLE PARK,-37.839076,145.104165
3129,MONT ALBERT NORTH,-37.807247,145.11205
3130,LABURNUM,-37.821142,145.145303
3131,NUNAWADING,-37.820037,145.175726
3132,RANGEVIEW,-37.805715,145.200802
3133,VERMONT SOUTH,-37.856647,145.183576
3134,WARRANWOOD,-37.774017,145.2483
3135,RINGWOOD EAST,-37.812999,145.247551
3136,CROYDON SOUTH,-37.811967,145.269481
3137,KILSYTH SOUTH,-37.829539,145.302768
3138,MOOROOLBARK,-37.774337,145.329954
3139,YELLINGBO,-37.813485,145.508258
3140,LILYDALE,-37.755519,145.347707
3141,SOUTH YARRA,-37.837883,144.991123
3142,TOORAK,-37.84216,145.017966
3143,ARMADALE NORTH,-37.828845,145.007261
3144,MALVERN NORTH,-37.856852,145.036518
3145,MALVERN EAST,-37.87837,145.067892
3146,GLEN IRIS,-37.854687,145.067215
3147,ASHWOOD,-37.864686,145.093061
3148,HOLMESGLEN,-37.874223,145.091587
3149,SYNDAL,-37.87947,145.143233
3150,WHEELERS HILL,-37.909349,145.188659
3151,BURWOOD HEIGHTS,-37.852535,145.150335
3152,WANTIRNA SOUTH,-37.868979,145.235211
3153,BAYSWATER NORTH,-37.8303,145.275095
3154,THE BASIN,-37.851467,145.307133
3155,BORONIA,-37.861504,145.275762
3156,UPPER FERNTREE GULLY,-37.893513,145.310777
3158,UPWEY,-37.903672,145.33131
3159,SELBY,-37.915182,145.372016
3160,TECOMA,-37.906626,145.343987
3161,CAULFIELD NORTH,-37.901678,145.02357
3162,HOPETOUN GARDENS,-37.886719,145.010619
3163,MURRUMBEENA,-37.89069,145.067589
3164,DANDENONG SOUTH,-38.02243,145.23738
3165,COATESVILLE,-37.92075,145.072839
3166,OAKLEIGH EAST,-37.900071,145.105574
3167,OAKLEIGH SOUTH,-37.926986,145.0964
3168,NOTTING HILL,-37.901596,145.145776
3169,CLAYTON SOUTH,-37.939215,145.126625
3170,WAVERLEY GARDENS,-37.92246,145.189181
3171,SPRINGVALE,-37.97103,145.148499
3172,SPRINGVALE SOUTH,-37.97103,145.148499
3173,KEYSBOROUGH,-37.989707,145.149037
3174,NOBLE PARK NORTH,-37.9547,145.192117
3175,DUNEARN,-37.967601,145.202509
3177,EUMEMMERRING,-37.997711,145.250273
3178,ROWVILLE,-37.928005,145.235811
3179,SCORESBY,-37.864883,145.26427
3180,KNOXFIELD,-37.888895,145.248383
3181,WINDSOR,-37.856159,144.9922
3182,ST KILDA WEST,-37.860901,144.972523
3183,ST KILDA EAST,-37.866458,145.000047
3184,ELWOOD,-37.888121,144.985026
3185,RIPPONLEA,-37.876692,144.996194
3186,DENDY,-37.919885,144.996826
3187,NORTH ROAD,-37.90106,145.01669
3188,HAMPTON NORTH,-37.89802,144.991601
3189,WISHART,-38.61358,145.581353
3190,HIGHETT,-37.947848,145.034294
3191,SANDRINGHAM,-37.952493,145.012316
3192,SOUTHLAND CENTRE,-37.958621,145.052468
3193,CROMER,-37.98452,145.0451
3194,MOORABBIN AIRPORT,-37.977934,145.09892
3195,WATERWAYS,-38.008051,145.110473
3196,EDITHVALE,-38.037415,145.107846
3197,PATTERSON LAKES,-38.067368,145.144762
3198,SEAFORD,-38.110191,145.142512
3199,KARINGAL CENTRE,-38.143729,145.160676
3200,PINES FOREST,-38.122727,145.151093
3201,CARRUM DOWNS,-38.090783,145.191719
3202,HEATHERTON,-37.969954,145.214164
3204,PATTERSON,-37.925967,145.038194
3205,SOUTH MELBOURNE,-37.93291,145.033718
3206,MIDDLE PARK,-37.849721,144.965136
3207,PORT MELBOURNE,-37.975682,145.030468
3211,LITTLE RIVER,-37.971627,144.526585
3212,POINT WILSON,-38.086796,144.506744
3214,NORTH SHORE,-38.0993,144.371887
3215,RIPPLESIDE,-38.128049,144.355394
3216,WAURN PONDS,-38.214211,144.292324
3217,DEAKIN UNIVERSITY,-38.198946,144.297736
3218,MANIFOLD HEIGHTS,-38.139542,144.330072
3219,WHITTINGTON,-38.178536,144.389963
3220,SOUTH GEELONG,-38.161708,144.354122
3221,WYE RIVER,-38.635001,143.890896
3222,MARCUS HILL,-38.260117,144.560583
3223,ST LEONARDS,-38.171243,144.717383
3224,LEOPOLD,-38.183967,144.459914
3225,SWAN ISLAND,-38.249982,144.688434
3226,OCEAN GROVE,-38.270293,144.540778
3227,CONNEWARRE,-38.250963,144.387919
3228,TORQUAY,-38.332818,144.32389
3230,ANGLESEA,-38.405129,144.189268
3231,MOGGS CREEK,-38.468585,144.06487
3232,LORNE,-38.518801,143.99579
3233,SKENES CREEK NORTH,-38.686026,143.715192
3235,PENNYROYAL,-38.422717,143.836555
3236,MOUNT SABINE,-38.62353,143.725095
3237,YUULONG,-38.725903,143.313646
3238,LAVERS HILL,-38.679082,143.392452
3239,KENNEDYS CREEK,-38.5969,143.248332
3240,PARAPARAP,-38.292979,144.193897
3241,WURDIBOLUC,-38.293781,144.02637
3242,BIRREGURRA,-38.314855,143.789367
3243,WHOOREL,-38.380379,143.822207
3249,YEODENE,-38.397487,143.693909
3250,ELLIMINYT,-38.367034,143.58264
3251,WEERING,-38.094341,143.690365
3254,COROROOKE,-38.296263,143.522505
3260,WEERITE,-38.255408,143.241487
3264,TERANG,-38.236207,142.911483
3265,THE SISTERS,-38.198076,142.769514
3266,SIMPSON,-38.496167,143.210488
3267,SCOTTS CREEK,-38.448909,143.10623
3268,TIMBOON WEST,-38.505198,142.914428
3269,WAARRE,-38.575231,143.050126
3270,PETERBOROUGH,-38.579938,142.857049
3271,PURA PURA,-37.821152,143.081778
3272,WOORNDOO,-37.876231,142.794858
3273,HEXHAM,-38.057308,142.607374
3274,CARAMUT,-37.912068,142.523202
3275,MAILORS FLAT,-38.301794,142.457611
3276,WOOLSTHORPE,-38.16607,142.39753
3277,NARINGAL EAST,-38.408509,142.798682
3278,PURNIM WEST,-38.300776,142.559686
3279,WANGOOM,-38.329882,142.578578
3280,WARRNAMBOOL WEST,-38.37766,142.457911
3281,WOODFORD,-38.313439,142.463881
3282,KOROIT,-38.292155,142.367405
3283,YARPTURK,-38.283548,142.432861
3284,PORT FAIRY,-38.385516,142.236711
3285,YAMBUK,-38.315793,142.065127
3286,WARRABKOOK,-37.979189,142.044275
3287,MINHAMITE,-37.991565,142.327342
3289,TABOR,-37.804364,142.182405
3292,NELSON,-38.04659,141.006938
3293,NARRAPUMELAP SOUTH,-37.75697,142.641677
3294,WOODHOUSE,-37.801065,142.45467
3300,HAMILTON,-37.743025,142.020065
3301,YULECART,-37.748521,141.936368
3302,GRASSDALE,-37.792645,141.646446
3303,WALLACEDALE,-37.933651,141.810169
3304,WINNAP,-37.944963,141.31758
3305,PORTLAND WEST,-38.342188,141.569468
3309,DIGBY,-37.794364,141.500674
3310,TAHARA WEST,-37.727284,141.639652
3311,CORNDALE,-37.531494,141.289748
3312,WARROCK,-37.430567,141.290496
3314,WOOHLPOOER,-37.371558,142.160996
3315,WOOTONG VALE,-37.531576,141.715919
3317,HARROW,-37.119835,141.600473
3318,ULLSWATER,-36.928902,141.395927
3319,BRINGALBERT,-36.843902,141.155059
3321,WINGEEL,-38.06397,143.857655
3322,CRESSY,-38.028752,143.643643
3323,FOXHOW,-38.048885,143.461877
3324,MOUNT BUTE,-37.879341,143.451114
3325,VITE VITE NORTH,-37.792923,143.208666
3328,TEESDALE,-38.039758,144.048285
3329,SHELFORD,-38.013703,143.976087
3330,ROKEWOOD,-37.844281,143.677351
3331,SUTHERLANDS CREEK,-38.003845,144.217941
3332,LETHBRIDGE,-37.962809,144.139178
3333,MEREDITH,-37.845715,144.076801
3334,MOUNT DORAN,-37.72122,144.050734
3335,ROCKBANK,-37.729119,144.650778
3337,TOOLERN VALE,-37.605843,144.589792
3338,MELTON SOUTH,-37.704323,144.574818
3340,ROWSLEY,-37.723941,144.375232
3341,PENTLAND HILLS,-37.643624,144.365696
3342,MOUNT WALLACE,-37.734514,144.217919
3345,GORDON,-37.594546,144.099862
3350,SOVEREIGN HILL,-37.579026,143.864748
3351,WESTMERE,-37.692668,142.999465
3352,YENDON,-37.633954,143.969478
3353,BALLARAT,-37.7778,144.835743
3354,BAKERY HILL,-37.560917,143.867158
3355,WENDOUREE VILLAGE,-37.532908,143.824328
3356,SEBASTOPOL,-37.597592,143.841026
3357,BUNINYONG,-37.648547,143.918563
3360,WILLOWVALE,-37.805729,143.45921
3361,SKIPTON,-37.685939,143.365063
3363,TOURELLO,-37.356793,143.808277
3364,WERONA,-37.243658,144.024726
3370,ULLINA,-37.284441,143.890428
3371,TALBOT,-37.171463,143.698142
3373,WATERLOO,-37.372434,143.414495
3375,MIDDLE CREEK,-37.398313,143.23096
3377,WARRAK,-37.265182,143.115878
3378,YALLA-Y-POORA,-37.527438,143.13232
3379,WILLAURA NORTH,-37.388237,142.742735
3380,WINJALLOK,-36.822297,143.197839
3381,WALLALOO EAST,-36.781477,142.930714
3384,WATTLE CREEK,-36.980263,143.111695
3385,RIACHELLA,-36.82488,142.687805
3387,MARNOO,-36.671662,142.869768
3388,RUPANYUP,-36.630462,142.63136
3390,MURTOA,-36.620248,142.470529
3391,BRIM,-36.069357,142.519496
3392,SHEEP HILLS,-36.349474,142.529677
3393,WILLENABRINA,-36.040823,142.218395
3395,KENMARE,-35.930786,142.238991
3396,YARTO,-35.517724,142.358521
3400,HORSHAM WEST,-36.722304,142.17788
3401,ZUMSTEINS,-37.092355,142.431933
3402,HORSHAM,-37.164183,142.666302
3407,VASEY,-37.370978,141.872121
3409,WOMBELANO,-37.079728,141.747046
3412,GOROKE,-36.747329,141.472623
3413,PERONNE,-36.724135,141.377862
3414,TARRANYURK,-36.211453,142.034536
3415,MIRAM,-36.378089,141.357823
3418,YANAC,-36.147883,141.435374
3419,KANIVA,-36.377563,141.244901
3420,TELOPEA DOWNS,-36.13056,141.143503
3423,JEPARIT,-36.14057,141.987191
3424,YAAPEET,-35.766065,142.060249
3427,DIGGERS REST,-37.627752,144.719981
3428,BULLA,-37.637155,144.804139
3429,WILDWOOD,-37.575434,144.795859
3430,CLARKEFIELD,-37.483711,144.745723
3431,RIDDELLS CREEK,-37.463999,144.665048
3432,BOLINDA,-37.433632,144.77977
3434,SPRINGFIELD,-37.358834,144.821043
3435,NULLA VALE,-37.172089,144.750918
3437,GISBORNE SOUTH,-37.53865,144.597248
3438,NEW GISBORNE,-37.459119,144.599206
3440,MACEDON,-37.399584,144.588405
3441,MOUNT MACEDON,-37.396044,144.590721
3442,WOODEND NORTH,-37.323937,144.541667
3444,TYLDEN SOUTH,-37.353578,144.373464
3446,MALMSBURY,-37.18842,144.382533
3447,TARADALE,-37.133438,144.356519
3448,SUTTON GRANGE,-36.990506,144.358577
3450,MOONLIGHT FLAT,-37.060183,144.244448
3451,YAPEEN,-37.122722,144.16841
3453,RAVENSWOOD SOUTH,-36.934927,144.227601
3458,TRENTHAM EAST,-37.396258,144.381486
3460,DAYLESFORD,-37.343587,144.142321
3461,YANDOIT HILLS,-37.213136,144.048852
3462,WELSHMANS REEF,-37.071551,144.045866
3463,WOODSTOCK WEST,-36.841499,143.985758
3464,CARISBROOK,-37.007853,143.796275
3465,WAREEK,-36.990541,143.608305
3467,MOYREISK,-36.909968,143.37707
3468,MOUNT LONARCH,-37.258868,143.397305
3469,NOWHERE CREEK,-37.128713,143.300831
3472,MOUNT HOOGHLY,-36.917005,143.696699
3475,LOGAN,-36.622015,143.490756
3478,YAWONG HILLS,-36.470002,143.381591
3480,SWANWATER WEST,-36.512366,143.026085
3482,WATCHEM WEST,-36.187579,142.759352
3483,WHIRILY,-35.922694,142.986589
3485,WOOMELANG,-35.680879,142.666099
3487,LASCELLES,-35.606765,142.578891
3488,TURRIFF EAST,-35.445806,142.588306
3489,TEMPY,-35.344581,142.476178
3490,TUTYE,-35.214904,141.498506
3491,PATCHEWOLLOCK,-35.382896,142.1895
3494,NANGILOC,-34.474154,142.359892
3496,WERRIMULL,-34.38721,141.597044
3498,IRYMPLE,-34.234604,142.181724
3500,MILDURA WEST,-34.203319,142.17039
3501,NICHOLS POINT,-34.214151,142.186812
3502,MILDURA,-37.972887,145.25835
3505,YELTA,-34.149578,141.978682
3506,COWANGIE,-35.27579,141.399006
3507,WALPEUP,-35.191803,142.02364
3509,UNDERBOOL,-35.169799,141.808981
3512,MURRAYVILLE,-35.262387,141.183321
3515,WILSONS HILL,-36.724153,144.100779
3516,YARRABERB,-36.603624,144.062812
3517,SERPENTINE,-36.412547,143.974416
3518,WOOSANG,-36.345755,143.470856
3520,KORONG VALE,-36.356586,143.705869
3521,PYALONG,-37.120609,144.882105
3522,TOOBORAC,-37.046912,144.798912
3523,REDCASTLE,-36.795314,144.802939
3525,YEUNGROON EAST,-36.356027,143.438925
3527,WYCHEPROOF SOUTH,-36.135691,143.18554
3529,NULLAWIL,-35.854123,143.178092
3530,WARNE,-35.780915,143.120509
3531,SPRINGFIELD,-35.583752,143.109086
3533,TYRRELL DOWNS,-35.358339,142.972786
3537,YANDO,-36.068607,143.807342
3540,QUAMBATOOK,-35.849005,143.520646
3542,TITYBONG,-35.699829,143.38222
3544,WAITCHIE,-35.365614,143.103594
3546,WINNAMBOOL,-34.977791,142.767585
3549,WEMEN,-34.804308,142.672627
3550,WHITE HILLS,-36.73025,144.307497
3551,WOODSTOCK ON LODDON,-36.745508,144.001318
3552,BENDIGO,-37.825288,145.011924
3555,SPECIMEN HILL,-36.765314,144.248517
3556,WOODVALE,-36.642442,144.257034
3557,MUSKERRY EAST,-36.675599,144.618476
3558,HUNTER,-36.442531,144.504955
3559,RUNNYMEDE,-36.534062,144.624333
3561,TIMMERING,-36.357583,144.857866
3562,TORRUMBARRY,-35.975398,144.459855
3563,LOCKINGTON,-36.271227,144.481629
3564,WHARPARILLA,-36.108652,144.629715
3565,KOTTA,-36.192354,144.526275
3566,GUNBOWER,-35.957441,144.366659
3567,LEITCHVILLE,-35.904018,144.301443
3568,WEE WEE RUP,-35.857221,144.282705
3570,SUMMERFIELD,-38.24686,145.066308
3571,TANDARRA,-36.428983,144.230263
3572,TENNYSON,-36.299054,144.43186
3573,TERRICK TERRICK EAST,-36.129338,144.382976
3575,YARRAWALLA,-36.152718,144.101756
3576,DURHAM OX,-36.198759,143.956055
3579,WESTBY,-35.664491,143.959219
3580,KOONDROOK,-35.64272,144.108584
3581,LAKE CHARM,-35.620733,143.804041
3583,TRESCO,-35.506577,143.638434
3584,TRESCO WEST,-35.506577,143.638434
3585,WINLATON,-35.482338,143.747049
3586,TYNTYNDER SOUTH,-35.264254,143.519178
3588,WOORINEN SOUTH,-35.270527,143.454012
3589,WOORINEN NORTH,-35.236272,143.428828
3590,BEVERFORD,-35.235882,143.480953
3591,VINIFERA,-35.217734,143.405908
3594,NYAH,-35.152584,143.362249
3595,NYAH WEST,-35.187893,143.348862
3596,WOOD WOOD,-35.10186,143.344549
3597,PIANGIL,-35.053788,143.31327
3599,BOUNDARY BEND,-34.742098,143.144838
3607,TABILK,-36.846437,145.199887
3608,WIRRATE,-36.767851,144.988693
3610,MURCHISON NORTH,-36.560339,145.275539
3612,WHROO,-36.644141,145.022235
3614,TOOLAMBA WEST,-36.484229,145.259357
3616,TATURA EAST,-36.440102,145.295242
3617,BYRNESIDE,-36.416975,145.149914
3618,MERRIGUM,-36.372412,145.170237
3619,KYABRAM,-37.659566,144.936295
3620,WYUNA EAST,-36.225349,145.103623
3621,YAMBUNA,-36.136283,144.990759
3622,STRATHALLAN,-36.25622,144.71465
3623,STANHOPE SOUTH,-36.491709,145.041038
3624,GIRGARRE,-36.443573,145.068304
3629,UNDERA,-36.278158,145.222772
3630,SHEPPARTON SOUTH,-36.402124,145.401233
3631,SHEPPARTON NORTH,-36.336826,145.40224
3632,SHEPPARTON,-36.544462,145.603242
3633,CONGUPNA,-36.299252,145.481126
3634,ZEERUST,-36.276365,145.368701
3635,WUNGHNU,-36.155131,145.431715
3636,NUMURKAH,-36.092337,145.431743
3637,YALCA,-35.914425,145.290867
3638,YIELIMA,-35.928348,145.231915
3639,PICOLA WEST,-35.963805,145.048359
3640,KATUNGA,-35.973776,145.460399
3641,ULUPNA,-35.833494,145.451827
3643,COBRAM,-35.955363,145.631874
3644,YARROWEYAH,-35.925467,145.577568
3646,YOUANMITE,-36.156772,145.671252
3647,DOOKIE COLLEGE,-36.395102,145.703035
3649,KATAMATITE EAST,-36.026336,145.760116
3658,WATERFORD PARK,-37.301237,145.066581
3659,TALLAROOK,-37.093612,145.10303
3660,WHITEHEADS CREEK,-37.02589,145.266554
3661,SEYMOUR,-38.195993,146.535346
3663,MANGALORE,-36.941616,145.161897
3664,AVENEL,-36.892793,145.23059
3665,PRANJIP,-36.737023,145.374992
3666,TARCOMBE,-36.976981,145.369449
3669,VIOLET TOWN,-36.638934,145.722978
3670,WARRENBAYNE,-36.688365,145.890379
3671,BENALLA,-36.385144,145.420691
3672,BENALLA WEST,-36.560198,145.969678
3673,WINTON NORTH,-36.473862,146.135478
3675,TAMINICK,-36.405291,146.163159
3676,WANGARATTA,-36.341245,146.338612
3677,YARRUNGA,-36.372152,146.317325
3678,WHITLANDS,-36.772644,146.359642
3682,SPRINGHURST,-36.184998,146.469199
3683,CORNISHTOWN,-36.102317,146.540316
3685,RUTHERGLEN,-36.053735,146.459262
3687,WAHGUNYAH,-36.011553,146.40193
3688,INDIGO VALLEY,-36.180108,146.718878
3689,WODONGA,-37.67576,144.989793
3690,WODONGA PLAZA,-36.122279,146.886847
3691,UPPER GUNDOWRING,-36.488999,147.068363
3694,BANDIANA MILPO,-36.146982,146.90818
3695,SANDY CREEK,-36.32541,147.10458
3697,TAWONGA,-36.66901,147.205089
3699,MOUNT BEAUTY,-36.744505,147.171354
3700,TALLANGATTA EAST,-36.213658,147.258712
3701,TALLANGATTA VALLEY,-36.268352,147.304527
3704,KOETONG,-36.104644,147.538225
3705,CUDGEWA,-36.190684,147.771573
3707,TOWONG UPPER,-36.199415,148.020548
3708,TINTALDRA,-36.048986,147.930952
3709,WALWA,-35.963832,147.737074
3711,BUXTON,-37.420458,145.712999
3712,THORNTON,-37.255054,145.799038
3713,LAKE EILDON,-37.187831,145.981618
3714,TAGGERTY,-37.321513,145.711979
3715,WOODFIELD,-37.016398,145.793869
3717,YEA,-37.212247,145.42388
3718,MOLESWORTH,-37.127985,145.525714
3719,YARCK,-37.1095,145.610757
3720,BONNIE DOON,-37.023006,145.86227
3722,MIRIMBAH,-37.110291,146.39794
3723,WOODS POINT,-37.430754,146.101369
3724,MANSFIELD,-37.053108,146.076832
3725,STEWARTON,-36.415919,145.781043
3726,THOONA,-36.340096,146.077226
3727,YUNDOOL,-36.266356,145.798468
3728,YOUARANG,-36.170922,145.748141
3730,YARRAWONGA SOUTH,-36.084514,146.013678
3732,MYRRHEE,-36.73295,146.320538
3733,WHITFIELD,-36.749752,146.413426
3735,WHOROULY SOUTH,-36.592415,146.603849
3736,MYRTLEFORD,-36.455136,146.479489
3737,WONNANGATTA,-37.1217,146.852832
3738,OVENS,-36.606337,146.792102
3739,EUROBIN,-36.703255,146.84579
3740,POREPUNKAH,-36.700039,146.908542
3741,SMOKO,-36.83571,147.076347
3744,WANDILIGONG,-36.753565,146.982157
3746,ELDORADO,-36.30376,146.584447
3747,WOORAGEE,-36.290725,146.721409
3749,YACKANDANDAH,-36.31297,146.837903
3750,WOLLERT,-38.380955,144.811911
3751,WOODSTOCK,-37.692001,144.885657
3752,SOUTH MORANG,-37.653074,145.095043
3753,BEVERIDGE,-37.468668,144.996239
3754,MERNDA,-37.594769,145.101581
3755,YAN YEAN,-37.572602,145.144089
3756,WALLAN EAST,-37.419152,145.004297
3757,WHITTLESEA,-37.513714,145.115089
3758,WANDONG,-37.354959,145.026246
3759,PANTON HILL,-37.641394,145.240086
3760,SMITHS GULLY,-37.620131,145.287916
3763,MOUNT SLIDE,-37.542913,145.38485
3764,WILLOWMAVIN,-37.262384,144.908412
3765,MONTROSE,-37.805976,145.339514
3766,KALORAMA,-37.816839,145.367371
3767,MOUNT DANDENONG,-37.835062,145.357831
3770,YERING,-37.69492,145.373266
3775,YARRA GLEN,-37.658494,145.374347
3777,TOOLANGI,-37.555763,145.478234
3778,NARBETHONG,-37.563734,145.656392
3779,MARYSVILLE,-37.510449,145.74749
3781,NANGANA,-37.875796,145.528585
3782,MACCLESFIELD,-37.888403,145.487688
3783,GEMBROOK,-37.952497,145.550457
3785,TREMONT,-38.27059,144.491163
3786,FERNY CREEK,-37.881284,145.342274
3787,SASSAFRAS GULLY,-37.894848,145.335854
3788,OLINDA,-37.85984,145.363835
3789,SHERBROOKE,-37.883737,145.364031
3791,KALLISTA,-37.900585,145.410171
3792,THE PATCH,-37.887353,145.392574
3793,MONBULK,-37.867678,145.408664
3795,SILVAN,-37.844151,145.413447
3796,MOUNT EVELYN,-37.792515,145.375605
3797,YARRA JUNCTION,-37.781435,145.613406
3799,WESBURN,-37.774889,145.643922
3800,MONASH UNIVERSITY,-37.910545,145.134935
3802,ENDEAVOUR HILLS,-37.975281,145.254481
3803,HALLAM,-38.004302,145.269261
3804,NARRE WARREN NORTH,-37.981131,145.315271
3805,NARRE WARREN SOUTH,-38.050061,145.298191
3806,HARKAWAY,-38.000318,145.341643
3807,GUYS HILL,-38.016778,145.386086
3808,DEWHURST,-37.990595,145.424722
3809,OFFICER SOUTH,-38.111715,145.423528
3810,RYTHDALE,-38.150379,145.459534
3812,NAR NAR GOON NORTH,-38.0173,145.557382
3813,TYNONG NORTH,-38.058222,145.60884
3814,VERVALE,-38.131185,145.669793
3815,TONIMBUK,-38.005952,145.708661
3816,MODELLA,-38.187327,145.708991
3818,RIPPLEBROOK,-38.200072,145.772545
3820,WARRAGUL,-38.163058,145.93086
3821,WARRAGUL WEST,-38.164126,145.890104
3822,GAINSBOROUGH,-38.243576,145.96534
3823,YARRAGON SOUTH,-38.208264,146.076751
3824,TRAFALGAR SOUTH,-38.259301,146.229362
3825,YALLOURN NORTH,-38.163903,146.362001
3831,NEERIM SOUTH,-38.016643,145.954579
3832,NEERIM NORTH,-37.918904,146.004304
3833,VESPER,-37.864798,146.078864
3835,THORPDALE,-38.331875,146.118691
3840,MORWELL UPPER,-38.222371,146.397265
3842,CHURCHILL,-38.321315,146.417986
3844,WILLUNG SOUTH,-38.345677,146.720314
3847,WILLUNG,-38.249903,146.822327
3850,WURRUK,-38.105688,147.035114
3851,THE HONEYSUCKLES,-38.243608,147.130062
3852,EAST SALE RAAF,-38.106731,147.134356
3853,SALE,-38.095569,146.059953
3854,GLENGARRY WEST,-38.152645,146.518946
3856,TOONGABBIE,-38.066096,146.670202
3857,COWWARR,-38.003449,146.688721
3858,WINNINDOO,-38.031505,146.766121
3859,TINAMBA WEST,-37.922586,146.841053
3860,VALENCIA CREEK,-37.834649,146.982729
3862,WATERFORD,-37.515637,147.204588
3864,THE FINGERBOARD,-38.326496,142.115859
3865,LINDENOW,-37.800359,147.458491
3869,YINNAR SOUTH,-38.388731,146.376374
3870,MIRBOO EAST,-38.445603,146.199917
3871,MIRBOO NORTH,-38.401141,146.16144
3873,GORMANDALE,-38.285925,146.719797
3874,WOODSIDE NORTH,-38.423615,146.820988
3875,WY YUNG,-37.767296,147.669914
3878,EAGLE POINT,-37.89463,147.670253
3880,RAYMOND ISLAND,-37.919088,147.73139
3882,NICHOLSON,-37.815478,147.734243
3885,YALMY,-37.475473,148.403054
3886,NEWMERELLA,-37.735401,148.433878
3887,WAIREWA,-37.691434,148.167518
3888,WOMBAT CREEK,-37.767946,148.255899
3889,MANORINA,-37.690264,148.79858
3890,WEERAGUA,-37.34599,149.08873
3891,WROXHAM,-37.350782,149.479885
3892,MALLACOOTA,-37.549486,149.729223
3893,TAMBO CROSSING,-37.495876,147.83403
3895,REEDY CREEK,-37.422573,147.937166
3896,TONGIO,-37.208132,147.718065
3898,SHANNONVALE,-36.930553,147.423253
3900,UPLANDS,-37.871105,147.992815
3902,JOHNSONVILLE,-37.820156,147.830563
3903,SWAN REACH,-37.810093,147.84454
3904,METUNG,-37.87152,147.847355
3909,TOORLOO ARM,-37.807188,148.039354
3910,LANGWARRIN,-38.153809,145.185851
3911,LANGWARRIN SOUTH,-38.198507,145.182526
3912,SOMERVILLE,-38.223956,145.175798
3913,TYABB,-38.259808,145.186464
3915,TUERONG,-38.297387,145.077506
3916,SHOREHAM,-38.427678,145.044425
3918,BITTERN,-38.337376,145.177993
3919,CRIB POINT,-38.366119,145.204068
3921,TANKERTON,-38.385026,145.290896
3922,WIMBLEDON HEIGHTS,-38.480888,145.239905
3923,RHYLL,-38.460584,145.307964
3925,SAN REMO,-38.520564,145.373057
3926,MERRICKS NORTH,-38.353666,145.08415
3927,SOMERS,-38.383442,145.147627
3928,MAIN RIDGE,-38.400438,144.970958
3929,FLINDERS,-38.473815,145.01628
3930,MOUNT ELIZA,-38.187263,145.089626
3931,MORNINGTON,-38.238386,145.064195
3933,MOOROODUC,-38.237072,145.087375
3934,MOUNT MARTHA,-38.302366,144.994873
3936,SAFETY BEACH,-38.314903,144.9906
3937,RED HILL SOUTH,-38.382404,145.023052
3938,MCCRAE,-37.990225,145.21956
3939,ROSEBUD PLAZA,-38.35533,144.905978
3941,TOOTGAROOK,-38.368159,144.862455
3942,BLAIRGOWRIE,-38.359005,144.768511
3943,SORRENTO,-38.344297,144.73807
3944,PORTSEA,-38.338347,144.709285
3945,WOODLEIGH,-38.414251,145.640882
3946,BENA,-38.433031,145.722184
3950,WHITELAW,-38.435084,145.777786
3951,RANCEBY,-38.37462,145.839244
3953,WILD DOG VALLEY,-38.369483,145.944689
3954,KOONWARRA,-38.547015,145.948111
3956,WALKERVILLE SOUTH,-38.88952,145.981959
3957,STONY CREEK,-38.583226,146.144844
3958,BUFFALO CREEK,-38.634604,146.052231
3959,WARATAH NORTH,-38.773869,146.072353
3960,YANAKIE,-38.829607,146.238119
3962,WOORARRA EAST,-38.602895,146.381201
3964,PORT FRANKLIN,-38.679229,146.270581
3965,PORT WELSHPOOL,-38.691833,146.454398
3966,WELSHPOOL,-38.665564,146.436128
3967,HEDLEY,-37.693272,144.961131
3971,YARRAM,-38.562402,146.676035
3975,LYNDHURST,-38.053275,145.244343
3976,HAMPTON PARK,-38.032221,145.267863
3977,SKYE,-38.1183,145.203099
3978,CLYDE NORTH,-38.118738,145.327258
3979,KORRINE,-38.532849,145.652943
3980,WARNEET,-38.220563,145.314044
3981,YANNATHAN,-38.228782,145.639804
3984,THE GURDIES,-38.373978,145.56117
3987,NYORA,-38.333067,145.670441
3988,POOWONG NORTH,-38.289395,145.768796
3990,GLEN FORBES,-38.449183,145.532297
3991,BASS,-38.480541,145.467733
3992,WEST CREEK,-38.575998,145.6322
3995,WOOLAMAI,-38.498651,145.520561
3996,POUND CREEK,-38.627873,145.808696
